res_name,class,prediction
1nr6_A_GLY_27,0,0
1nr6_A_LYS_28,0,0
1nr6_A_LEU_29,0,0
1nr6_A_PRO_30,0,0
1nr6_A_PRO_31,0,0
1nr6_A_GLY_32,0,0
1nr6_A_PRO_33,0,0
1nr6_A_THR_34,0,0
1nr6_A_PRO_35,0,0
1nr6_A_PHE_36,0,0
1nr6_A_PRO_37,0,0
1nr6_A_ILE_38,0,0
1nr6_A_ILE_39,0,0
1nr6_A_GLY_40,0,0
1nr6_A_ASN_41,0,0
1nr6_A_ILE_42,0,0
1nr6_A_LEU_43,0,0
1nr6_A_GLN_44,0,0
1nr6_A_ILE_45,0,0
1nr6_A_ASP_46,0,0
1nr6_A_ALA_47,0,0
1nr6_A_LYS_48,0,0
1nr6_A_ASP_49,0,0
1nr6_A_ILE_50,0,0
1nr6_A_SER_51,0,0
1nr6_A_LYS_52,0,0
1nr6_A_SER_53,0,0
1nr6_A_LEU_54,0,0
1nr6_A_THR_55,0,0
1nr6_A_LYS_56,0,0
1nr6_A_PHE_57,0,0
1nr6_A_SER_58,0,0
1nr6_A_GLU_59,0,0
1nr6_A_CYS_60,0,0
1nr6_A_TYR_61,0,0
1nr6_A_GLY_62,0,0
1nr6_A_PRO_63,0,0
1nr6_A_VAL_64,0,0
1nr6_A_PHE_65,0,0
1nr6_A_THR_66,0,0
1nr6_A_VAL_67,0,0
1nr6_A_TYR_68,0,0
1nr6_A_LEU_69,0,0
1nr6_A_GLY_70,0,0
1nr6_A_MET_71,0,0
1nr6_A_LYS_72,0,0
1nr6_A_PRO_73,0,0
1nr6_A_THR_74,0,0
1nr6_A_VAL_75,0,0
1nr6_A_VAL_76,0,0
1nr6_A_LEU_77,0,0
1nr6_A_HIS_78,0,0
1nr6_A_GLY_79,0,0
1nr6_A_TYR_80,0,0
1nr6_A_GLU_81,0,0
1nr6_A_ALA_82,0,0
1nr6_A_VAL_83,0,0
1nr6_A_LYS_84,0,0
1nr6_A_GLU_85,0,0
1nr6_A_ALA_86,0,0
1nr6_A_LEU_87,0,0
1nr6_A_VAL_88,0,0
1nr6_A_ASP_89,0,0
1nr6_A_LEU_90,0,0
1nr6_A_GLY_91,0,0
1nr6_A_GLU_92,0,0
1nr6_A_GLU_93,0,0
1nr6_A_PHE_94,0,0
1nr6_A_ALA_95,0,0
1nr6_A_GLY_96,0,0
1nr6_A_ARG_97,1,1
1nr6_A_GLY_98,0,0
1nr6_A_SER_99,0,0
1nr6_A_VAL_100,0,0
1nr6_A_PRO_101,0,0
1nr6_A_ILE_102,0,0
1nr6_A_LEU_103,1,0
1nr6_A_GLU_104,0,0
1nr6_A_LYS_105,0,0
1nr6_A_VAL_106,0,0
1nr6_A_SER_107,0,0
1nr6_A_LYS_108,0,0
1nr6_A_GLY_109,0,0
1nr6_A_LEU_110,0,0
1nr6_A_GLY_111,0,0
1nr6_A_ILE_112,0,1
1nr6_A_ALA_113,1,1
1nr6_A_PHE_114,1,1
1nr6_A_SER_115,0,0
1nr6_A_ASN_116,0,0
1nr6_A_ALA_117,0,0
1nr6_A_LYS_118,0,0
1nr6_A_THR_119,0,0
1nr6_A_TRP_120,1,1
1nr6_A_LYS_121,0,0
1nr6_A_GLU_122,0,0
1nr6_A_MET_123,0,0
1nr6_A_ARG_124,1,1
1nr6_A_ARG_125,0,0
1nr6_A_PHE_126,0,0
1nr6_A_SER_127,0,0
1nr6_A_LEU_128,0,0
1nr6_A_MET_129,0,0
1nr6_A_THR_130,0,0
1nr6_A_LEU_131,0,0
1nr6_A_ARG_132,0,0
1nr6_A_ASN_133,0,0
1nr6_A_PHE_134,0,0
1nr6_A_GLY_135,0,0
1nr6_A_MET_136,0,0
1nr6_A_GLY_137,0,0
1nr6_A_LYS_138,0,0
1nr6_A_ARG_139,0,0
1nr6_A_SER_140,0,0
1nr6_A_ILE_141,0,0
1nr6_A_GLU_142,0,0
1nr6_A_ASP_143,0,0
1nr6_A_ARG_144,0,0
1nr6_A_ILE_145,0,0
1nr6_A_GLN_146,0,0
1nr6_A_GLU_147,0,0
1nr6_A_GLU_148,0,0
1nr6_A_ALA_149,0,0
1nr6_A_ARG_150,0,0
1nr6_A_CYS_151,0,0
1nr6_A_LEU_152,0,0
1nr6_A_VAL_153,0,0
1nr6_A_GLU_154,0,0
1nr6_A_GLU_155,0,0
1nr6_A_LEU_156,0,0
1nr6_A_ARG_157,0,0
1nr6_A_LYS_158,0,0
1nr6_A_THR_159,0,0
1nr6_A_ASN_160,0,0
1nr6_A_ALA_161,0,0
1nr6_A_SER_162,0,0
1nr6_A_PRO_163,0,0
1nr6_A_CYS_164,0,0
1nr6_A_ASP_165,0,0
1nr6_A_PRO_166,0,0
1nr6_A_THR_167,0,0
1nr6_A_PHE_168,0,0
1nr6_A_ILE_169,0,0
1nr6_A_LEU_170,0,0
1nr6_A_GLY_171,0,0
1nr6_A_CYS_172,0,0
1nr6_A_ALA_173,0,0
1nr6_A_PRO_174,0,0
1nr6_A_CYS_175,0,0
1nr6_A_ASN_176,0,0
1nr6_A_VAL_177,0,0
1nr6_A_ILE_178,0,0
1nr6_A_CYS_179,0,0
1nr6_A_SER_180,0,0
1nr6_A_VAL_181,0,0
1nr6_A_ILE_182,0,0
1nr6_A_PHE_183,0,0
1nr6_A_HIS_184,0,1
1nr6_A_ASN_185,0,0
1nr6_A_ARG_186,0,0
1nr6_A_PHE_187,0,0
1nr6_A_ASP_188,0,0
1nr6_A_TYR_189,0,0
1nr6_A_LYS_190,0,0
1nr6_A_ASP_191,0,0
1nr6_A_GLU_192,0,0
1nr6_A_GLU_193,0,0
1nr6_A_PHE_194,0,0
1nr6_A_LEU_195,0,0
1nr6_A_LYS_196,0,0
1nr6_A_LEU_197,0,0
1nr6_A_MET_198,0,0
1nr6_A_GLU_199,0,0
1nr6_A_SER_200,0,0
1nr6_A_LEU_201,0,0
1nr6_A_HIS_202,0,0
1nr6_A_GLU_203,0,0
1nr6_A_ASN_204,0,0
1nr6_A_VAL_205,0,0
1nr6_A_GLU_206,0,0
1nr6_A_LEU_207,0,0
1nr6_A_LEU_208,0,0
1nr6_A_GLY_209,0,0
1nr6_A_THR_210,0,0
1nr6_A_PRO_211,0,0
1nr6_A_TRP_212,0,0
1nr6_A_LEU_213,0,0
1nr6_A_GLN_214,0,0
1nr6_A_VAL_215,0,0
1nr6_A_TYR_216,0,0
1nr6_A_ASN_217,0,0
1nr6_A_ASN_218,0,0
1nr6_A_PHE_219,0,0
1nr6_A_PRO_220,0,0
1nr6_A_ALA_221,0,0
1nr6_A_LEU_222,0,0
1nr6_A_LEU_223,0,0
1nr6_A_ASP_224,0,0
1nr6_A_TYR_225,0,0
1nr6_A_PHE_226,0,0
1nr6_A_PRO_227,0,0
1nr6_A_GLY_228,0,0
1nr6_A_ILE_229,0,0
1nr6_A_HIS_230,0,0
1nr6_A_LYS_231,0,0
1nr6_A_THR_232,0,0
1nr6_A_LEU_233,0,0
1nr6_A_LEU_234,0,0
1nr6_A_LYS_235,0,0
1nr6_A_ASN_236,0,0
1nr6_A_ALA_237,0,0
1nr6_A_ASP_238,0,0
1nr6_A_TYR_239,0,0
1nr6_A_ILE_240,0,0
1nr6_A_LYS_241,0,0
1nr6_A_ASN_242,0,0
1nr6_A_PHE_243,0,0
1nr6_A_ILE_244,0,0
1nr6_A_MET_245,0,0
1nr6_A_GLU_246,0,0
1nr6_A_LYS_247,0,0
1nr6_A_VAL_248,0,0
1nr6_A_LYS_249,0,0
1nr6_A_GLU_250,0,0
1nr6_A_HIS_251,0,0
1nr6_A_GLN_252,0,0
1nr6_A_LYS_253,0,0
1nr6_A_LEU_254,0,0
1nr6_A_LEU_255,0,0
1nr6_A_ASP_256,0,0
1nr6_A_VAL_257,0,0
1nr6_A_ASN_258,0,0
1nr6_A_ASN_259,0,0
1nr6_A_PRO_260,0,0
1nr6_A_ARG_261,0,0
1nr6_A_ASP_262,0,0
1nr6_A_PHE_263,0,0
1nr6_A_ILE_264,0,0
1nr6_A_ASP_265,0,0
1nr6_A_CYS_266,0,0
1nr6_A_PHE_267,0,0
1nr6_A_LEU_268,0,0
1nr6_A_ILE_269,0,0
1nr6_A_LYS_270,0,0
1nr6_A_MET_271,0,0
1nr6_A_GLU_272,0,0
1nr6_A_GLN_273,0,0
1nr6_A_GLU_274,0,0
1nr6_A_ASN_275,0,0
1nr6_A_ASN_276,0,0
1nr6_A_LEU_277,0,0
1nr6_A_GLU_278,0,0
1nr6_A_PHE_279,0,0
1nr6_A_THR_280,0,0
1nr6_A_LEU_281,0,0
1nr6_A_GLU_282,0,0
1nr6_A_SER_283,0,0
1nr6_A_LEU_284,0,0
1nr6_A_VAL_285,0,0
1nr6_A_ILE_286,0,0
1nr6_A_ALA_287,0,0
1nr6_A_VAL_288,0,0
1nr6_A_SER_289,0,1
1nr6_A_ASP_290,0,1
1nr6_A_LEU_291,1,1
1nr6_A_PHE_292,0,0
1nr6_A_GLY_293,1,1
1nr6_A_ALA_294,1,1
1nr6_A_GLY_295,1,1
1nr6_A_THR_296,0,0
1nr6_A_GLU_297,0,0
1nr6_A_THR_298,1,1
1nr6_A_THR_299,1,1
1nr6_A_SER_300,0,0
1nr6_A_THR_301,0,0
1nr6_A_THR_302,1,0
1nr6_A_LEU_303,0,0
1nr6_A_ARG_304,0,0
1nr6_A_TYR_305,0,0
1nr6_A_SER_306,0,0
1nr6_A_LEU_307,0,0
1nr6_A_LEU_308,0,0
1nr6_A_LEU_309,0,0
1nr6_A_LEU_310,0,0
1nr6_A_LEU_311,0,0
1nr6_A_LYS_312,0,0
1nr6_A_HIS_313,0,0
1nr6_A_PRO_314,0,0
1nr6_A_GLU_315,0,0
1nr6_A_VAL_316,0,0
1nr6_A_ALA_317,0,0
1nr6_A_ALA_318,0,0
1nr6_A_ARG_319,0,0
1nr6_A_VAL_320,0,0
1nr6_A_GLN_321,0,0
1nr6_A_GLU_322,0,0
1nr6_A_GLU_323,0,0
1nr6_A_ILE_324,0,0
1nr6_A_GLU_325,0,0
1nr6_A_ARG_326,0,0
1nr6_A_VAL_327,0,0
1nr6_A_ILE_328,0,0
1nr6_A_GLY_329,0,0
1nr6_A_ARG_330,0,0
1nr6_A_HIS_331,0,0
1nr6_A_ARG_332,0,0
1nr6_A_SER_333,0,0
1nr6_A_PRO_334,0,0
1nr6_A_CYS_335,0,0
1nr6_A_MET_336,0,0
1nr6_A_GLN_337,0,0
1nr6_A_ASP_338,0,0
1nr6_A_ARG_339,0,0
1nr6_A_SER_340,0,0
1nr6_A_ARG_341,0,0
1nr6_A_MET_342,0,0
1nr6_A_PRO_343,0,0
1nr6_A_TYR_344,0,0
1nr6_A_THR_345,0,0
1nr6_A_ASP_346,0,0
1nr6_A_ALA_347,0,0
1nr6_A_VAL_348,0,0
1nr6_A_ILE_349,0,0
1nr6_A_HIS_350,0,0
1nr6_A_GLU_351,0,0
1nr6_A_ILE_352,0,0
1nr6_A_GLN_353,1,1
1nr6_A_ARG_354,0,0
1nr6_A_PHE_355,0,0
1nr6_A_ILE_356,0,0
1nr6_A_ASP_357,0,0
1nr6_A_LEU_358,1,1
1nr6_A_LEU_359,1,1
1nr6_A_PRO_360,0,0
1nr6_A_THR_361,0,0
1nr6_A_ASN_362,1,0
1nr6_A_LEU_363,1,1
1nr6_A_PRO_364,0,0
1nr6_A_HIS_365,1,1
1nr6_A_ALA_366,0,0
1nr6_A_VAL_367,0,0
1nr6_A_THR_368,0,0
1nr6_A_ARG_369,0,0
1nr6_A_ASP_370,0,0
1nr6_A_VAL_371,0,0
1nr6_A_ARG_372,0,0
1nr6_A_PHE_373,0,0
1nr6_A_ARG_374,0,0
1nr6_A_ASN_375,0,0
1nr6_A_TYR_376,0,0
1nr6_A_PHE_377,0,0
1nr6_A_ILE_378,0,0
1nr6_A_PRO_379,0,0
1nr6_A_LYS_380,0,0
1nr6_A_GLY_381,0,0
1nr6_A_THR_382,0,0
1nr6_A_ASP_383,0,0
1nr6_A_ILE_384,0,0
1nr6_A_ILE_385,0,0
1nr6_A_THR_386,0,0
1nr6_A_SER_387,0,0
1nr6_A_LEU_388,0,0
1nr6_A_THR_389,0,0
1nr6_A_SER_390,0,0
1nr6_A_VAL_391,0,0
1nr6_A_LEU_392,0,0
1nr6_A_HIS_393,0,0
1nr6_A_ASP_394,0,0
1nr6_A_GLU_395,0,0
1nr6_A_LYS_396,0,0
1nr6_A_ALA_397,0,0
1nr6_A_PHE_398,0,0
1nr6_A_PRO_399,0,0
1nr6_A_ASN_400,0,0
1nr6_A_PRO_401,0,0
1nr6_A_LYS_402,0,0
1nr6_A_VAL_403,0,0
1nr6_A_PHE_404,0,0
1nr6_A_ASP_405,0,0
1nr6_A_PRO_406,0,0
1nr6_A_GLY_407,0,0
1nr6_A_HIS_408,0,0
1nr6_A_PHE_409,0,0
1nr6_A_LEU_410,0,0
1nr6_A_ASP_411,0,0
1nr6_A_GLU_412,0,0
1nr6_A_SER_413,0,0
1nr6_A_GLY_414,0,0
1nr6_A_ASN_415,0,0
1nr6_A_PHE_416,0,0
1nr6_A_LYS_417,0,0
1nr6_A_LYS_418,0,0
1nr6_A_SER_419,0,0
1nr6_A_ASP_420,0,0
1nr6_A_TYR_421,0,0
1nr6_A_PHE_422,0,0
1nr6_A_MET_423,0,0
1nr6_A_PRO_424,1,1
1nr6_A_PHE_425,1,1
1nr6_A_SER_426,1,0
1nr6_A_ALA_427,0,0
1nr6_A_GLY_428,0,0
1nr6_A_LYS_429,0,0
1nr6_A_ARG_430,1,1
1nr6_A_MET_431,0,0
1nr6_A_CYS_432,1,1
1nr6_A_VAL_433,1,1
1nr6_A_GLY_434,1,1
1nr6_A_GLU_435,0,0
1nr6_A_GLY_436,0,0
1nr6_A_LEU_437,1,0
1nr6_A_ALA_438,1,1
1nr6_A_ARG_439,0,0
1nr6_A_MET_440,0,0
1nr6_A_GLU_441,0,0
1nr6_A_LEU_442,0,0
1nr6_A_PHE_443,0,0
1nr6_A_LEU_444,0,0
1nr6_A_PHE_445,0,0
1nr6_A_LEU_446,0,0
1nr6_A_THR_447,0,0
1nr6_A_SER_448,0,0
1nr6_A_ILE_449,0,0
1nr6_A_LEU_450,0,0
1nr6_A_GLN_451,0,0
1nr6_A_ASN_452,0,0
1nr6_A_PHE_453,0,0
1nr6_A_LYS_454,0,0
1nr6_A_LEU_455,0,0
1nr6_A_GLN_456,0,0
1nr6_A_SER_457,0,0
1nr6_A_LEU_458,0,0
1nr6_A_VAL_459,0,0
1nr6_A_GLU_460,0,0
1nr6_A_PRO_461,0,0
1nr6_A_LYS_462,0,0
1nr6_A_ASP_463,0,0
1nr6_A_LEU_464,0,0
1nr6_A_ASP_465,0,0
1nr6_A_ILE_466,0,0
1nr6_A_THR_467,0,0
1nr6_A_ALA_468,0,0
1nr6_A_VAL_469,0,0
1nr6_A_VAL_470,0,0
1nr6_A_ASN_471,0,0
1nr6_A_GLY_472,0,0
1nr6_A_PHE_473,1,1
1nr6_A_VAL_474,0,0
1nr6_A_SER_475,0,0
1nr6_A_VAL_476,0,0
1nr6_A_PRO_477,0,0
1nr6_A_PRO_478,0,0
1nr6_A_SER_479,0,0
1nr6_A_TYR_480,0,0
1nr6_A_GLN_481,0,0
1nr6_A_LEU_482,0,0
1nr6_A_CYS_483,0,0
1nr6_A_PHE_484,0,0
1nr6_A_ILE_485,0,0
1nr6_A_PRO_486,0,0
1nr6_A_ILE_487,0,0
1nr6_A_HIS_488,0,0
