res_name,prediction
1okm_X_HIS_4,0
1okm_X_TRP_5,0
1okm_X_GLY_6,0
1okm_X_TYR_7,0
1okm_X_GLY_8,0
1okm_X_LYS_9,0
1okm_X_HIS_10,0
1okm_X_ASN_11,0
1okm_X_GLY_12,0
1okm_X_PRO_13,0
1okm_X_GLU_14,0
1okm_X_HIS_15,0
1okm_X_TRP_16,0
1okm_X_HIS_17,0
1okm_X_LYS_18,0
1okm_X_ASP_19,1
1okm_X_PHE_20,0
1okm_X_PRO_21,0
1okm_X_ILE_22,0
1okm_X_ALA_23,0
1okm_X_LYS_24,0
1okm_X_GLY_25,0
1okm_X_GLU_26,0
1okm_X_ARG_27,0
1okm_X_GLN_28,0
1okm_X_SER_29,0
1okm_X_PRO_30,0
1okm_X_VAL_31,0
1okm_X_ASP_32,0
1okm_X_ILE_33,0
1okm_X_ASP_34,0
1okm_X_THR_35,0
1okm_X_HIS_36,0
1okm_X_THR_37,0
1okm_X_ALA_38,0
1okm_X_LYS_39,0
1okm_X_TYR_40,0
1okm_X_ASP_41,0
1okm_X_PRO_42,0
1okm_X_SER_43,0
1okm_X_LEU_44,0
1okm_X_LYS_45,0
1okm_X_PRO_46,0
1okm_X_LEU_47,0
1okm_X_SER_48,0
1okm_X_VAL_49,0
1okm_X_SER_50,0
1okm_X_TYR_51,0
1okm_X_ASP_52,0
1okm_X_GLN_53,0
1okm_X_ALA_54,0
1okm_X_THR_55,0
1okm_X_SER_56,0
1okm_X_LEU_57,0
1okm_X_ARG_58,0
1okm_X_ILE_59,0
1okm_X_LEU_60,0
1okm_X_ASN_61,0
1okm_X_ASN_62,0
1okm_X_GLY_63,0
1okm_X_HIS_64,0
1okm_X_ALA_65,0
1okm_X_PHE_66,0
1okm_X_ASN_67,1
1okm_X_VAL_68,0
1okm_X_GLU_69,0
1okm_X_PHE_70,0
1okm_X_ASP_71,0
1okm_X_ASP_72,0
1okm_X_SER_73,0
1okm_X_GLN_74,0
1okm_X_ASP_75,0
1okm_X_LYS_76,0
1okm_X_ALA_77,0
1okm_X_VAL_78,0
1okm_X_LEU_79,0
1okm_X_LYS_80,0
1okm_X_GLY_81,0
1okm_X_GLY_82,0
1okm_X_PRO_83,0
1okm_X_LEU_84,0
1okm_X_ASP_85,0
1okm_X_GLY_86,0
1okm_X_THR_87,0
1okm_X_TYR_88,0
1okm_X_ARG_89,0
1okm_X_LEU_90,0
1okm_X_ILE_91,0
1okm_X_GLN_92,1
1okm_X_PHE_93,0
1okm_X_HIS_94,1
1okm_X_PHE_95,0
1okm_X_HIS_96,1
1okm_X_TRP_97,0
1okm_X_GLY_98,0
1okm_X_SER_99,0
1okm_X_LEU_100,0
1okm_X_ASP_101,0
1okm_X_GLY_102,0
1okm_X_GLN_103,0
1okm_X_GLY_104,0
1okm_X_SER_105,0
1okm_X_GLU_106,0
1okm_X_HIS_107,1
1okm_X_THR_108,0
1okm_X_VAL_109,0
1okm_X_ASP_110,0
1okm_X_LYS_111,0
1okm_X_LYS_112,0
1okm_X_LYS_113,0
1okm_X_TYR_114,0
1okm_X_ALA_115,0
1okm_X_ALA_116,0
1okm_X_GLU_117,0
1okm_X_LEU_118,0
1okm_X_HIS_119,1
1okm_X_LEU_120,0
1okm_X_VAL_121,1
1okm_X_HIS_122,0
1okm_X_TRP_123,0
1okm_X_ASN_124,0
1okm_X_THR_125,0
1okm_X_LYS_127,0
1okm_X_TYR_128,0
1okm_X_GLY_129,0
1okm_X_ASP_130,0
1okm_X_PHE_131,1
1okm_X_GLY_132,0
1okm_X_LYS_133,0
1okm_X_ALA_134,0
1okm_X_VAL_135,0
1okm_X_GLN_136,0
1okm_X_GLN_137,0
1okm_X_PRO_138,0
1okm_X_ASP_139,0
1okm_X_GLY_140,0
1okm_X_LEU_141,0
1okm_X_ALA_142,0
1okm_X_VAL_143,0
1okm_X_LEU_144,0
1okm_X_GLY_145,0
1okm_X_ILE_146,0
1okm_X_PHE_147,0
1okm_X_LEU_148,0
1okm_X_LYS_149,0
1okm_X_VAL_150,0
1okm_X_GLY_151,0
1okm_X_SER_152,0
1okm_X_ALA_153,0
1okm_X_LYS_154,0
1okm_X_PRO_155,0
1okm_X_GLY_156,0
1okm_X_LEU_157,0
1okm_X_GLN_158,0
1okm_X_LYS_159,0
1okm_X_VAL_160,0
1okm_X_VAL_161,0
1okm_X_ASP_162,0
1okm_X_VAL_163,0
1okm_X_LEU_164,0
1okm_X_ASP_165,0
1okm_X_SER_166,0
1okm_X_ILE_167,0
1okm_X_LYS_168,0
1okm_X_THR_169,0
1okm_X_LYS_170,0
1okm_X_GLY_171,0
1okm_X_LYS_172,0
1okm_X_SER_173,0
1okm_X_ALA_174,0
1okm_X_ASP_175,0
1okm_X_PHE_176,0
1okm_X_THR_177,0
1okm_X_ASN_178,0
1okm_X_PHE_179,0
1okm_X_ASP_180,0
1okm_X_PRO_181,0
1okm_X_ARG_182,0
1okm_X_GLY_183,0
1okm_X_LEU_184,0
1okm_X_LEU_185,0
1okm_X_PRO_186,0
1okm_X_GLU_187,0
1okm_X_SER_188,0
1okm_X_LEU_189,0
1okm_X_ASP_190,0
1okm_X_TYR_191,0
1okm_X_TRP_192,0
1okm_X_THR_193,0
1okm_X_TYR_194,0
1okm_X_PRO_195,0
1okm_X_GLY_196,0
1okm_X_SER_197,0
1okm_X_LEU_198,1
1okm_X_THR_199,1
1okm_X_THR_200,1
1okm_X_PRO_201,0
1okm_X_PRO_202,1
1okm_X_LEU_203,0
1okm_X_LEU_204,0
1okm_X_GLU_205,0
1okm_X_CYS_206,0
1okm_X_VAL_207,0
1okm_X_THR_208,0
1okm_X_TRP_209,1
1okm_X_ILE_210,0
1okm_X_VAL_211,0
1okm_X_LEU_212,0
1okm_X_LYS_213,0
1okm_X_GLU_214,0
1okm_X_PRO_215,0
1okm_X_ILE_216,0
1okm_X_SER_217,0
1okm_X_VAL_218,0
1okm_X_SER_219,0
1okm_X_SER_220,0
1okm_X_GLU_221,0
1okm_X_GLN_222,0
1okm_X_VAL_223,0
1okm_X_LEU_224,0
1okm_X_LYS_225,0
1okm_X_PHE_226,0
1okm_X_ARG_227,0
1okm_X_LYS_228,0
1okm_X_LEU_229,0
1okm_X_ASN_230,0
1okm_X_PHE_231,0
1okm_X_ASN_232,0
1okm_X_GLY_233,0
1okm_X_GLU_234,0
1okm_X_GLY_235,0
1okm_X_GLU_236,0
1okm_X_PRO_237,0
1okm_X_GLU_238,0
1okm_X_GLU_239,0
1okm_X_LEU_240,0
1okm_X_MET_241,0
1okm_X_VAL_242,0
1okm_X_ASP_243,0
1okm_X_ASN_244,0
1okm_X_TRP_245,0
1okm_X_ARG_246,0
1okm_X_PRO_247,0
1okm_X_ALA_248,0
1okm_X_GLN_249,0
1okm_X_PRO_250,0
1okm_X_LEU_251,0
1okm_X_LYS_252,0
1okm_X_ASN_253,0
1okm_X_ARG_254,0
1okm_X_GLN_255,0
1okm_X_ILE_256,0
1okm_X_LYS_257,0
1okm_X_ALA_258,0
1okm_X_SER_259,0
1okm_X_PHE_260,0
1okm_X_LYS_261,0
