res_name,prediction,class
3hiyA_A_VAL_1,0,0
3hiyA_A_ALA_2,0,0
3hiyA_A_LYS_3,0,0
3hiyA_A_ARG_4,0,0
3hiyA_A_GLU_5,0,0
3hiyA_A_PHE_6,0,0
3hiyA_A_ILE_7,0,0
3hiyA_A_ARG_8,0,0
3hiyA_A_GLY_9,0,0
3hiyA_A_MET_10,0,0
3hiyA_A_MET_11,0,0
3hiyA_A_ALA_12,0,0
3hiyA_A_HIS_13,0,0
3hiyA_A_TYR_14,0,0
3hiyA_A_ARG_15,0,0
3hiyA_A_ALA_16,0,0
3hiyA_A_SER_17,0,0
3hiyA_A_LEU_18,0,0
3hiyA_A_PRO_19,0,0
3hiyA_A_PRO_20,0,0
3hiyA_A_PRO_21,0,0
3hiyA_A_GLU_22,0,0
3hiyA_A_HIS_23,0,0
3hiyA_A_SER_24,0,0
3hiyA_A_VAL_25,0,0
3hiyA_A_VAL_26,0,0
3hiyA_A_ILE_27,0,0
3hiyA_A_HIS_28,0,0
3hiyA_A_GLU_29,0,0
3hiyA_A_LEU_30,0,0
3hiyA_A_GLN_31,0,0
3hiyA_A_LYS_32,0,0
3hiyA_A_ARG_33,0,0
3hiyA_A_VAL_34,0,0
3hiyA_A_LEU_35,0,0
3hiyA_A_ASP_36,0,0
3hiyA_A_ILE_37,0,0
3hiyA_A_GLY_38,0,0
3hiyA_A_MET_39,0,0
3hiyA_A_LEU_40,0,0
3hiyA_A_ALA_41,0,0
3hiyA_A_VAL_42,0,0
3hiyA_A_ASN_43,0,0
3hiyA_A_LYS_44,0,0
3hiyA_A_ALA_45,0,0
3hiyA_A_HIS_46,0,0
3hiyA_A_VAL_47,0,0
3hiyA_A_GLU_48,0,0
3hiyA_A_LEU_49,0,0
3hiyA_A_PHE_50,1,1
3hiyA_A_GLY_51,1,1
3hiyA_A_SER_52,1,1
3hiyA_A_HIS_53,0,0
3hiyA_A_VAL_54,0,0
3hiyA_A_SER_55,0,0
3hiyA_A_GLY_56,0,0
3hiyA_A_PHE_57,0,0
3hiyA_A_CYS_58,0,0
3hiyA_A_THR_59,0,0
3hiyA_A_PRO_60,0,0
3hiyA_A_HIS_61,0,0
3hiyA_A_SER_62,0,1
3hiyA_A_ASP_63,1,1
3hiyA_A_ALA_64,0,0
3hiyA_A_ASP_65,1,1
3hiyA_A_ILE_66,0,0
3hiyA_A_SER_67,0,0
3hiyA_A_LEU_68,0,0
3hiyA_A_THR_69,0,0
3hiyA_A_TYR_70,0,0
3hiyA_A_ARG_71,0,0
3hiyA_A_ASN_72,0,0
3hiyA_A_PHE_73,0,0
3hiyA_A_SER_74,0,0
3hiyA_A_PRO_75,0,0
3hiyA_A_TRP_76,0,0
3hiyA_A_LEU_77,0,0
3hiyA_A_GLN_78,0,0
3hiyA_A_GLY_79,0,0
3hiyA_A_MET_80,0,0
3hiyA_A_GLU_81,0,0
3hiyA_A_ARG_82,0,0
3hiyA_A_VAL_83,0,0
3hiyA_A_ASP_84,0,0
3hiyA_A_GLU_85,0,0
3hiyA_A_GLN_86,0,0
3hiyA_A_ASN_87,0,0
3hiyA_A_ASN_88,0,0
3hiyA_A_LYS_89,0,0
3hiyA_A_ARG_90,0,0
3hiyA_A_MET_91,0,0
3hiyA_A_THR_92,0,0
3hiyA_A_ARG_93,0,0
3hiyA_A_PHE_94,0,0
3hiyA_A_GLY_95,0,0
3hiyA_A_LYS_96,0,0
3hiyA_A_GLU_97,0,0
3hiyA_A_ALA_98,0,0
3hiyA_A_SER_99,0,0
3hiyA_A_ALA_100,0,0
3hiyA_A_MET_101,0,0
3hiyA_A_GLY_102,0,0
3hiyA_A_MET_103,0,0
3hiyA_A_GLU_104,0,0
3hiyA_A_ASP_105,0,0
3hiyA_A_VAL_106,0,0
3hiyA_A_ARG_107,0,0
3hiyA_A_TYR_108,0,0
3hiyA_A_ILE_109,0,0
3hiyA_A_ARG_110,0,0
3hiyA_A_ALA_111,0,0
3hiyA_A_ARG_112,0,0
3hiyA_A_ILE_113,0,0
3hiyA_A_PRO_114,0,0
3hiyA_A_VAL_115,0,0
3hiyA_A_VAL_116,0,0
3hiyA_A_GLN_117,0,0
3hiyA_A_PHE_118,0,0
3hiyA_A_THR_119,0,0
3hiyA_A_ASP_120,0,0
3hiyA_A_GLY_121,0,0
3hiyA_A_VAL_122,0,0
3hiyA_A_THR_123,0,0
3hiyA_A_GLY_124,0,0
3hiyA_A_ILE_125,0,0
3hiyA_A_HIS_126,1,0
3hiyA_A_CYS_127,0,0
3hiyA_A_ASP_128,1,0
3hiyA_A_VAL_129,0,0
3hiyA_A_SER_130,0,0
3hiyA_A_ILE_131,0,0
3hiyA_A_GLY_132,0,0
3hiyA_A_ASN_133,1,0
3hiyA_A_ILE_134,0,0
3hiyA_A_GLY_135,1,0
3hiyA_A_GLY_136,1,1
3hiyA_A_VAL_137,0,0
3hiyA_A_GLU_138,0,0
3hiyA_A_ASN_139,1,1
3hiyA_A_SER_140,1,1
3hiyA_A_LYS_141,0,0
3hiyA_A_ILE_142,0,0
3hiyA_A_LEU_143,0,0
3hiyA_A_CYS_144,1,0
3hiyA_A_ALA_145,0,0
3hiyA_A_ILE_146,0,0
3hiyA_A_ARG_147,0,0
3hiyA_A_GLN_148,0,0
3hiyA_A_VAL_149,0,0
3hiyA_A_PHE_150,0,0
3hiyA_A_PRO_151,0,0
3hiyA_A_ASP_152,0,0
3hiyA_A_PHE_153,0,0
3hiyA_A_TYR_154,0,0
3hiyA_A_GLY_155,0,0
3hiyA_A_ALA_156,0,0
3hiyA_A_TYR_157,0,0
3hiyA_A_ILE_158,0,0
3hiyA_A_HIS_159,0,0
3hiyA_A_LEU_160,0,0
3hiyA_A_VAL_161,0,0
3hiyA_A_LYS_162,1,1
3hiyA_A_ALA_163,0,0
3hiyA_A_TRP_164,0,0
3hiyA_A_GLY_165,0,0
3hiyA_A_LYS_166,0,1
3hiyA_A_ALA_167,0,0
3hiyA_A_ARG_168,0,0
3hiyA_A_GLU_169,0,0
3hiyA_A_VAL_170,0,0
3hiyA_A_ILE_171,0,0
3hiyA_A_ALA_172,0,0
3hiyA_A_PRO_173,0,0
3hiyA_A_GLU_174,0,0
3hiyA_A_ARG_175,0,0
3hiyA_A_SER_176,0,0
3hiyA_A_THR_177,0,0
3hiyA_A_PHE_178,0,0
3hiyA_A_ASN_179,1,1
3hiyA_A_SER_180,1,1
3hiyA_A_PHE_181,1,1
3hiyA_A_THR_182,0,0
3hiyA_A_VAL_183,0,0
3hiyA_A_THR_184,0,0
3hiyA_A_THR_185,0,0
3hiyA_A_MET_186,0,0
3hiyA_A_ALA_187,0,0
3hiyA_A_LEU_188,0,0
3hiyA_A_MET_189,0,0
3hiyA_A_VAL_190,0,0
3hiyA_A_LEU_191,0,0
3hiyA_A_GLN_192,0,0
3hiyA_A_GLU_193,0,0
3hiyA_A_LEU_194,0,0
3hiyA_A_GLY_195,0,0
3hiyA_A_LEU_196,0,0
3hiyA_A_LEU_197,0,0
3hiyA_A_PRO_198,0,0
3hiyA_A_VAL_199,0,0
3hiyA_A_PHE_200,0,0
3hiyA_A_SER_201,0,0
3hiyA_A_LYS_202,0,0
3hiyA_A_PRO_203,0,0
3hiyA_A_THR_204,0,0
3hiyA_A_GLY_205,0,0
3hiyA_A_GLU_206,0,0
3hiyA_A_PHE_207,0,0
3hiyA_A_GLY_208,0,0
3hiyA_A_GLU_209,0,0
3hiyA_A_LEU_210,0,0
3hiyA_A_THR_211,0,0
3hiyA_A_VAL_212,0,0
3hiyA_A_ALA_213,0,0
3hiyA_A_ASP_214,0,0
3hiyA_A_ALA_215,0,0
3hiyA_A_GLU_216,0,0
3hiyA_A_MET_217,0,0
3hiyA_A_LEU_218,0,0
3hiyA_A_LEU_219,0,0
3hiyA_A_GLN_220,0,0
3hiyA_A_GLU_221,0,0
3hiyA_A_PHE_222,0,0
3hiyA_A_LYS_223,0,0
3hiyA_A_LEU_224,0,0
3hiyA_A_PRO_225,0,0
3hiyA_A_PRO_226,0,0
3hiyA_A_ILE_227,0,0
3hiyA_A_TYR_228,0,0
3hiyA_A_ASP_229,0,0
3hiyA_A_SER_230,0,0
3hiyA_A_LEU_231,0,0
3hiyA_A_HIS_232,0,0
3hiyA_A_ASP_233,0,0
3hiyA_A_ASP_234,0,0
3hiyA_A_ASP_235,0,0
3hiyA_A_GLU_236,0,0
3hiyA_A_LYS_237,0,0
3hiyA_A_LEU_238,0,0
3hiyA_A_GLY_239,0,0
3hiyA_A_GLU_240,0,0
3hiyA_A_ALA_241,0,0
3hiyA_A_VAL_242,0,0
3hiyA_A_PHE_243,0,0
3hiyA_A_PHE_244,0,0
3hiyA_A_CYS_245,0,0
3hiyA_A_LEU_246,0,0
3hiyA_A_GLN_247,0,0
3hiyA_A_ARG_248,0,0
3hiyA_A_PHE_249,0,0
3hiyA_A_ALA_250,0,0
3hiyA_A_GLU_251,0,0
3hiyA_A_TYR_252,0,0
3hiyA_A_TYR_253,0,0
3hiyA_A_ALA_254,0,0
3hiyA_A_LYS_255,0,0
3hiyA_A_TYR_256,0,0
3hiyA_A_ASP_257,0,0
3hiyA_A_PHE_258,0,0
3hiyA_A_SER_259,0,0
3hiyA_A_ALA_260,0,0
3hiyA_A_GLY_261,0,0
3hiyA_A_THR_262,0,0
3hiyA_A_VAL_263,0,0
3hiyA_A_SER_264,0,0
3hiyA_A_LEU_265,0,0
3hiyA_A_ILE_266,0,0
3hiyA_A_HIS_267,0,0
3hiyA_A_PRO_268,0,0
3hiyA_A_ARG_269,0,0
3hiyA_A_ARG_270,0,0
3hiyA_A_HIS_271,0,0
3hiyA_A_ARG_272,0,0
3hiyA_A_THR_273,0,0
3hiyA_A_VAL_274,0,0
3hiyA_A_TYR_275,0,0
3hiyA_A_GLU_276,0,0
3hiyA_A_ARG_277,0,0
3hiyA_A_VAL_278,0,0
3hiyA_A_VAL_279,0,0
3hiyA_A_ARG_280,0,0
3hiyA_A_ARG_281,0,0
3hiyA_A_HIS_282,0,0
3hiyA_A_LEU_283,0,0
3hiyA_A_GLU_284,0,0
3hiyA_A_LEU_285,0,0
3hiyA_A_LEU_286,0,0
3hiyA_A_GLY_287,0,0
3hiyA_A_SER_288,0,0
3hiyA_A_ARG_289,0,0
3hiyA_A_LYS_290,0,0
3hiyA_A_ARG_291,0,0
3hiyA_A_LEU_292,0,0
3hiyA_A_GLU_293,0,0
3hiyA_A_TRP_294,0,0
3hiyA_A_GLU_295,0,0
3hiyA_A_LYS_296,0,0
3hiyA_A_HIS_297,0,0
3hiyA_A_ILE_298,0,0
3hiyA_A_ALA_299,0,0
3hiyA_A_GLU_300,0,0
3hiyA_A_HIS_301,0,0
3hiyA_A_LYS_302,0,0
3hiyA_A_GLU_303,0,0
3hiyA_A_ASP_304,0,0
3hiyA_A_GLY_305,0,0
3hiyA_A_PRO_306,0,0
3hiyA_A_LEU_307,0,0
3hiyA_A_ASP_308,0,0
3hiyA_A_GLU_309,0,0
3hiyA_A_ASN_310,0,0
3hiyA_A_ASP_311,0,0
3hiyA_A_PHE_312,0,0
3hiyA_A_SER_313,0,0
3hiyA_A_ALA_314,0,0
3hiyA_A_SER_315,0,0
3hiyA_A_MET_316,0,0
3hiyA_A_GLN_317,0,0
3hiyA_A_ASN_318,0,0
3hiyA_A_GLU_319,0,0
3hiyA_A_THR_320,0,0
3hiyA_A_THR_321,0,0
3hiyA_A_GLN_322,0,0
3hiyA_A_ARG_323,0,0
3hiyA_A_PRO_324,0,0
3hiyA_A_SER_325,0,0
3hiyA_A_ASN_326,0,0
3hiyA_A_SER_327,0,0
3hiyA_A_PRO_328,0,0
3hiyA_A_TYR_329,0,0
3hiyA_A_VAL_330,0,0
3hiyA_A_VAL_331,0,0
3hiyA_A_GLU_332,0,0
3hiyA_A_ASP_333,1,1
3hiyA_A_PHE_334,0,0
3hiyA_A_VAL_335,0,0
3hiyA_A_ASN_336,1,0
3hiyA_A_TYR_337,0,0
3hiyA_A_VAL_338,0,0
3hiyA_A_ASN_339,0,0
3hiyA_A_CYS_340,1,1
3hiyA_A_GLY_341,0,0
3hiyA_A_ARG_342,0,0
3hiyA_A_ARG_343,0,1
3hiyA_A_VAL_344,0,0
3hiyA_A_GLN_345,0,0
3hiyA_A_ALA_346,0,0
3hiyA_A_SER_347,0,0
3hiyA_A_ARG_348,0,0
3hiyA_A_VAL_349,0,0
3hiyA_A_ARG_350,0,0
3hiyA_A_HIS_351,0,0
3hiyA_A_ILE_352,0,0
3hiyA_A_GLN_353,0,0
3hiyA_A_GLN_354,0,0
3hiyA_A_GLU_355,0,0
3hiyA_A_PHE_356,0,0
3hiyA_A_ASN_357,0,0
3hiyA_A_ARG_358,0,0
3hiyA_A_LEU_359,0,0
3hiyA_A_ARG_360,0,0
3hiyA_A_GLU_361,0,0
3hiyA_A_MET_362,0,0
3hiyA_A_LEU_363,0,0
3hiyA_A_ILE_364,0,0
3hiyA_A_ASP_365,0,0
3hiyA_A_LYS_366,0,0
3hiyA_A_GLU_367,0,0
3hiyA_A_SER_368,0,0
3hiyA_A_GLU_369,0,0
3hiyA_A_LEU_370,0,0
3hiyA_A_LYS_371,0,0
3hiyA_A_PHE_372,0,0
3hiyA_A_ASP_373,0,0
3hiyA_A_GLU_374,0,0
3hiyA_A_VAL_375,0,0
3hiyA_A_PHE_376,0,0
3hiyA_A_ARG_377,0,0
3hiyA_A_GLU_378,0,0
3hiyA_A_SER_379,0,0
3hiyA_A_ASP_380,0,0
3hiyA_A_THR_381,0,0
3hiyA_A_VAL_382,0,0
